title,price,rating,description,url
Pincel para Base - Absolute New York,"R$ 45,90",N/A,"Pincel para Base - Absolute New York - Flat Sculpting Brush - Ponta Plana
O pincel de base facial é um item essencial na rotina de maquiagem. Com cerdas macias e densas, é ideal para aplicar de forma uniforme e precisa, cobrindo imperfeições e deixando a pele com um acabamento suave e natural.
Feito de cerdas naturais.
ler mais",https://www.sunsetcosmeticos.com.br/produto/pincel-para-base-absolute-new-york-116
Pincel para Contorno - Absolute New York,"R$ 32,90",N/A,"Pincel para Contorno - Absolute New York - Angled Complexion Precision Brush
O pincel de contorno facial é um pincel de maquiagem com cerdas angulares e firmes, projetado para ajudar a definir e esculpir as características do rosto, criando um efeito de sombra e luz.
Feito de cerdas naturais.
ler mais",https://www.sunsetcosmeticos.com.br/produto/pincel-para-contorno-absolute-new-york-115
Pincel para Base Chanfrado - Absolute New York,"R$ 32,90",N/A,"Pincel para Base - Absolute New York - Foundation Brush
O pincel de base facial é um item essencial na rotina de maquiagem. Com cerdas macias e densas, é ideal para aplicar de forma uniforme e precisa, cobrindo imperfeições e deixando a pele com um acabamento suave e natural.
Feito de cerdas naturais.
ler mais",https://www.sunsetcosmeticos.com.br/produto/pincel-para-base-chanfrado-absolute-new-york-114
Pincel para Sombra Médio - Absolute New York,"R$ 21,90",N/A,"Pincel para Sombra Médio - Absolute New York - Medium Fluffy Shader Brush
O pincel de sombra pequeno é um pincel de maquiagem com cerdas curtas e compactas, projetado para aplicar e esfumar sombras com precisão em áreas menores, como a linha dos cílios inferiores e o canto interno dos olhos.
Feito de cerdas naturais.
ler mais",https://www.sunsetcosmeticos.com.br/produto/pincel-para-sombra-medio-absolute-new-york-112
Pincel para Esfumar Sombra - Absolute New York,"R$ 21,90",N/A,"Pincel para Esfumar Sombra - Absolute New York - Blending Crease Brush
O pincel de sombra é um pincel de maquiagem com cerdas curtas e compactas, projetado para aplicar e esfumar sombras com precisão em áreas menores, como a linha dos cílios inferiores e o canto interno dos olhos.
Feito de cerdas naturais.
ler mais",https://www.sunsetcosmeticos.com.br/produto/pincel-para-esfumar-sombra-absolute-new-york-111
Pincel para Esfumar Sombra - Grande - Absolute New York,"R$ 21,90",N/A,"Pincel para Esfumar Sombra - Absolute New York - Large Fluffy Shader Brush
O pincel de sombra é um pincel de maquiagem com cerdas curtas e compactas, projetado para aplicar e esfumar sombras com precisão em áreas menores, como a linha dos cílios inferiores e o canto interno dos olhos.
Feito de cerdas naturais.
ler mais",https://www.sunsetcosmeticos.com.br/produto/pincel-para-esfumar-sombra-grande-absolute-new-york-110
Pincel Cônico para Sombra - Absolute New York,"R$ 21,90",N/A,"Pincel Cônico para Sombra - Absolute New York - Tapered Shader Brush
O pincel de sombra cônico é um pincel de maquiagem com cerdas macias e em formato cônico, projetado para aplicar e esfumar sombras com precisão em áreas específicas do olho, como o canto externo e a dobra da pálpebra, criando um efeito de profundidade e dimensão.
Feito de cerdas naturais.
ler mais",https://www.sunsetcosmeticos.com.br/produto/pincel-conico-para-sombra-absolute-new-york-109
Pincel Plano para Aplicar Sombra - Absolute New York,"R$ 21,90",N/A,"Pincel Plano para Aplicar Sombra - Absolute New York - Flat Dense Shader Brush
O pincel de aplicar sombra é um pincel de maquiagem com cerdas macias e arredondadas, projetado para aplicar sombras com facilidade e uniformidade em toda a pálpebra, permitindo construir camadas de cor para um resultado mais intenso e duradouro.
Feito de cerdas naturais.
ler mais",https://www.sunsetcosmeticos.com.br/produto/pincel-plano-para-aplicar-sombra-absolute-new-york-108
Pincel Achatado de Sombra - Absolute New York,"R$ 45,90",N/A,"Pincel Achatado de Sombra - Absolute New York - All Over Shader Brush
O pincel chanfrado de aplicar sombra é um pincel de maquiagem com cerdas angulares e firmes, projetado para aplicar sombras com precisão em áreas específicas, como o côncavo e a linha dos cílios, criando um efeito de definição e profundidade.
Também é ideal para criar delineados esfumados e preencher sobrancelhas.
Feito de cerdas naturais.
ler mais",https://www.sunsetcosmeticos.com.br/produto/pincel-achatado-de-sombra-absolute-new-york-107
Pincel Plano de Precisão - Absolute New York,"R$ 21,90",N/A,"Pincel Plano de Precisão - Absolute New York - Flat Precision Brush
O pincel plano de precisão é um pincel de maquiagem com cerdas retas e firmes, projetado para aplicar produtos com precisão em áreas específicas do rosto, como corretivo em manchas ou imperfeições, base ao redor do nariz e sob os olhos, ou iluminador nas têmporas.
É ótimo para criar um acabamento impecável e natural.
Feito de cerdas naturais.
ler mais",https://www.sunsetcosmeticos.com.br/produto/pincel-plano-de-precisao-absolute-new-york-106
